{"cameraMode":{"drawMode":0,"name":"Shaded","section":"Shading Mode"},"sceneLighting":true,"audioPlay":false,"sceneViewState":{"m_AlwaysRefresh":false,"showFog":true,"showSkybox":true,"showFlares":true,"showImageEffects":true,"showParticleSystems":true,"showVisualEffectGraphs":true,"m_FxEnabled":true},"in2DMode":false,"pivot":{"x":-10.540640830993653,"y":43.721839904785159,"z":11.191062927246094},"rotation":{"x":0.4025084972381592,"y":-0.04939422011375427,"z":0.021756991744041444,"w":0.9138223528862},"size":22.569704055786134,"orthographic":false}